Kurze Frage,Lange Frage,FACHWERK,FW,Campusgrüne,CG,Jusos und Unabhängige,Jusos,Ing+,Ing+,Linke Liste – SDS,SDS
,Anwesenheitspflichten in Vorlesungen und Seminaren sollen ausgeweitet werden.,"Wir lehnen Anwesenheitspflichten und Pflichtübungsabgaben grundsätzlich ab, da diese im Widerspruch zum selbstbestimmten Lernen und Arbeiten stehen. Eine zwangsweise körperliche Anwesenheit ist kein Ersatz für die freiwillige geistige Beschäftigung mit Inhalten/Themen. Zudem erschweren Anwesenheitspflichten das Studium mit Kind oder Nebenjob.",-1,Anwesenheitspflichten sollen universitätsweit abgeschafft werden. Studierende sind in der Lage selbstbestimmt zu lernen. Dabei muss individuellen Bedürfnissen bei der Art des Wissenserwerbs nicht mit Zwang begegnet werden.,-1,"Anwesendheitspflichten schränken das freie Studium ein und sollten deswegen abgeschafft werden. Weiterhin führen Anwesenheitspflichten zur Benachteiligung von Studierenden, die auf Grund eines Nebenjobs oder Familie nicht ihren gesamten Alltag auf die Universität abstimmen können.",-1,Anwesenheitspflichten sollen nicht ausgeweitet werden. Der eigenverantwortliche Charakter des universitären Studiums soll erhalten bleiben.,-1,"Dozierende sollten ihre Lehrveranstaltung spannend gestalten und wichtige Inhalte vermitteln. Wenn dann trotzdem viele Studierende wegbleiben, ist dies auch ihr gutes Recht. Es gibt sehr viele, auch gute, Gründe einer Lehrveranstaltung fernzubleiben. Wer sich den Stoff trotzdem erschließt, sollte dafür nicht bestraft werden. Wer sich den Stoff nicht erschließt wird ohnehin bestraft, da er wohl durch die Prüfung fallen wird. Die wenigen Ausnahmen, die gänzlich ohne Aufwand durch die Prüfungen kommen, sollten für ihre Cleverness auch nicht bestraft werden. :)",-1
,"In der Mensa sollen mehr vegane und vegetarische Gerichte angeboten werden, selbst wenn dafür das Angebot an Fleischgerichten reduziert wird.","Wir wollen, dass immer sowohl vegane als auch vegetarische Gerichte angeboten werden. Allen sollte es möglich sein, sich abwechslungsreich in der Mensa zu ernähren. Dafür sollte das Angebot an vegetarischen und veganen Gerichten erhöht werden. Da wir die derzeitige Massentierhaltung und Überzüchtung kritisch sehen, kann hierfür auch die Anzahl von Fleischgerichten vermindert werden. Eine komplette Abschaffung des Angebots von Fleischgerichten lehnen wir jedoch ab. Darüber hinaus fordern wir auch allgemein eine Verbesserung der Qualität des Mensaessens.",1,"In der Mensa sollen Studierende möglichst leckeres, gesundes und preiswertes Essen erhalten. Fleisch ist eine kostenspielige Ressource, belastet die Umwelt und sollte daher auf dem Teller die Nebenrolle spielen. Das angebotene Fleisch sollte hingegen eine hohe Qualität haben - lieber weniger Fleisch, dafür bio. 

Vegetarische und vegane Gerichte sollen in der Qualität, dem Geschmack und der Quantität den fleischhaltigen Gerichten in keiner Weise nachstehen. ",1,Vegetarisch/vegane Gerichte sollten den gleichen Stellenwert wie Fleischgerichte haben. Aktuell kann davon noch keine Rede sein.,1,"Das Angebot der Mensa soll zuerst eine ausgewogene, frische Ernährung ermöglichen. Ist dies gegeben, können natürlich auch zusätzliche Gerichte angeboten werden. Die Qualität des Essens ist uns hierbei wichtiger als eine ideologische Ausrichtung.",-1,Die Mensa sollte möglichst vielen Studierenden ein gutes und günstiges Essen ermöglichen. Vegetarische und vegane Alternativen sorgen dabei für ein ausgewogenes und gesundes Angebot. Über die Qualität der Mensa im Allgemeinen muss allerdings diskutiert werden.,1
,"Die Begrenzung der Prüfungsversuche soll abgeschafft werden. 

Derzeit sind an der TU Darmstadt maximal 3 Prüfungsversuche pro Fachprüfung  und eine mündliche Ergänzungsprüfung pro Studium möglich.","Zu einem selbstbestimmten Studium zählt für uns auch die Möglichkeit, eine Prüfung beliebig oft zu wiederholen. Dies erleichtert nicht das Bestehen. Daher sind wir für die Abschaffung der bestehenden Regelung.  Zudem wird durch die Begrenzung der Prüfungsversuche den Studierenden vorgeschrieben, ab wann ein Studium für sie nicht mehr erfolgversprechend ist. Diese Entscheidung sollte jedoch bei den Studierenden selbst liegen.",1,"Die Universität soll selbstbestimtmes Lernen ermöglichen. Selbstbestimmt bedeutet unter anderem, dass es jedem frei stehen soll sein Erlerntes beliebig oft in Prüfungen unter Beweis zu stellen. Eine Einschränkung der Prüfungsversuche ist eine unnötige und ungerechtfertigte Einschränkung der Lernenden, da viele Faktoren die Prüfungsvorbereitung beinflussen können, auf die wir als Studierende häufig keinen Einfluss haben - da darf es auch mal nicht so gut laufen.",1,"Die Begrenzung sollte, wie es in Diplomstudiengängen üblich war, aufgehoben werden. Jede/r Studierende hat das Ziel eine Prüfung auch zu bestehen, deshalb muss die Universität an dieser Stelle keine maximale Prüfungsanzahl vorgeben.",1,Eine Abschaffung jeglicher Begrenzung der Prüfungsversuche ist nicht sinnvoll. Die Erweiterung der mündlichen Ergänzungsprüfung auf JEDEN Drittversuch sehen wir jedoch als sehr sinnvoll an.,-1,"Die Begrenzung der Prüfungsversuche dient lediglich dem Aufbau von Leistungsdruck und dem so genannten 'Rausprüfen von Leistungsschwachen Studierenden'. Hier geht es erkennbar nicht um die Qualität von Lehre und Studium, sondern lediglich um die Vorsortierung der Studierenden für den Arbeitsmarkt.",1
,"Auch nach Bestehen einer Prüfungsleistung soll es möglich sein, das Ergebnis zu verbessern, indem die Prüfung erneut absolviert wird.","Diese Frage lässt sich für uns nicht eindeutig beantworten, da wir generell gegen ein benotetes System sind. Wir fordern, dass lediglich ein Bestehen und Nicht-Bestehen der Prüfung möglich ist.
Dem Verbessern der Note durch nochmaliges absolvieren einer Prüfung stehen wir grundsätzlich offen gegenüber, da dieses die Entscheidung jeder*s Einzelnen sein sollte. Jedoch kann hierdurch eine Benachteiligung von Studierenden erfolgen, die auf Grund äußerer Umstände nicht die Möglichkeit haben, beliebig lange zu studieren und Prüfungen zu wiederholen.",0,"Noten sollten an der Universität keine so große Wichtigkeit besitzen und viel mehr den Wissenstand der Lernenden widerspiegeln. Dies ist dann gegeben, wenn auch nach Klausuren Erlerntes zu einer Verbesserung der Note führen kann. Wer mehr bzw. nochmal besser lernen möchte, sollte nicht daran gehindert werdern. An Universitäten, die dies bereits ermöglichen hat sich gezeigt, dass dies nicht zu einer übermäßigen Belastung der Fachbereiche führt. 

Es ist jedoch darauf zu  achten, dass dies nur dann wünschenswert ist, wenn in der Universität  der Druck gute Noten zu haben, allgemein sinkt, da sonst nur weiterer  unnötiger und ungewollter Leistungsdruck entsteht.",0,"Für uns gehört es zur Freiheit der Studierenden, dass sie - wenn sie möchten - eine bestanden Prüfung wiederholen können. ",1,"Ausrutscher passieren und es soll möglich sein, diese in Einzelfällen auszugleichen. Eine erstrebenswerte Lösung wäre die Einführung einer Regelung, welche es Studierenden erlaubt, während ihres Studiums z.B. drei bestandene Prüfungen zu wiederholen.",1,"Dies sollte eine Selbstverständlichkeit sein. Es gibt keinen Grund dafür, warum eine schlechte Note aus dem ersten Semester zählen sollte, obwohl diese zum Ende meines Studiums überhaupt nicht mehr dem aktuellen Kenntnis- und Leistungsstand repräsentiert. Lediglich bei vollständig standardisierten Klausuren, bei denen so die Möglichkeit der Wiederholung der identischen Prüfung gegeben wäre, sollte über Sonderregelungen nachgedacht werden.",1
,Die Abmeldefrist von Prüfungen soll abgeschafft und ein Nichterscheinen zur Prüfung als Abmeldung gewertet werden.,"Es gibt keine gerechtfertigten Gründe die Abmeldefrist beizubehalten. Weder aus organisatorischen noch erzieherischen Aspekten sind solche Maßnahmen nötig.
Wir möchten zudem allen Studierenden die Möglichkeit geben, sich auch kurzfristig gegen die Teilnahme an einer Klausur zu entscheiden. Zur Zeit ist hierfür ein ärztliches Attest oder ein anderer wichtiger Grund erforderlich, jedoch sollte eine Nichtteilnahme auch möglich sein, wenn man sich nicht genug vorbereitet fühlt oder aus nicht vorhersehbaren Gründen verhindert ist.",1,"Es gibt wenige Gründe zu einer Prüfung nicht zu erscheinen, ist es doch so, dass Studierende Prüfungen belegen um diese auch zu bestehen. Doch die wenigen Gründe haben gemeinsam, dass sie oft spontan und unvorhergesehen das Erscheinen zur Prüfung verhindern.

Ein Nichterscheinen zur Prüfung als Abmeldung zu sehen kommt den Studierenden entgegen und ist eine Reduktion der Bürokratie an unserer Universität. Zusätzlich sollte die Anmeldezeitraum verlängert. In dem Glauben, dass Anmeldungen erfolgen um das Erlernte unter Beweis zu stellen, sehen wir eine vorherige Abmeldung als unnötig an.

",1,"Es ist nicht nachvollziehbar, warum das nicht Erscheinen zu einer Prüfung als Fehlversuch gewertet werden muss. Ein solche Regelung würde uns Studierenden viele Arztbesuche ersparen.",1,"Auch wenn dies für Studenten die angenehmste Lösung wäre, sehen wir ein umsetzbares Ziel eher in einer Verkürzung der Abmeldefrist. Eine vollständige Abschaffung ist leider nicht realistisch, da einige Klausuren enormen Vorbereitungsaufwand haben. Wir halten eine Abmeldefrist von 1-2 Tagen für zumutbar.",-1,"Das Nichterscheinen zur Prüfung und das Nichtabgeben von Prüfungsleistungen als nicht bestandenen Prüfungsversuch zu werten, ist reine Schikane und auch nicht durch die Prüfungsverwaltungserfordernisse zu rechtfertigen. Wir fordern, dass alle Prüfungsleistungen in der Form von unendlich wiederholbaren Studienleisten - statt wir zur Zeit überwiegend in Form von Fachprüfungen, die nur zwei mal zu wiederholen sind - zu erbringen sein sollten. Damit wäre nicht nur diesem Problem abgeholfen, sondern auch noch der unnötige Leistungsdruck abgemildert.",1
,"Die autonomen Tutorien des AStA sollen abgeschafft werden. 

<a href=""https://www.asta.tu-darmstadt.de/asta/de/tutorien"" target=""_blank"">Autonomen Tutorien</a> sind ein durch Mittel des Landes Hessen (<a href="""" target=""_blank"">QSL</a>) finanziertes Angebot des AStA","Das Angebot der autonomen Tutorien leistet einen wesentlichen Beitrag zur Vielfalt des eigenen Studiums, da vor allem Themen behandelt werden, die über die üblichen Lehrplänen hinausgehen. Sie sollten daher unbedingt erhalten bleiben.",-1,"Die autonomen Tutorien stellen eine wichtige Ergänzung zum regulären Vorlesungsbetrieb da und ermöglichen interessierten Studierenden eine selbstbestimmte, kritische Auseinandersetzung mit Themen außerhalb des Vorlesungsverzeichnisses. Die Vielfalt der Themen ist von Jahr zu Jahr gestiegen und aus immer mehr Fachbereichen beteiligen sich Studierende. Dies zeigt, dass ein Interesse seitens der Studierenden an diesem Angebot steht. Nicht nur deshalb stehen die QSL Mittel genau für solche ""besonderen"" Angebote zur Verfügung, ohne dass Geld von Grundlagenlehre abgezogen werden müsste. ",-1,"Die Idee, dass Studierende für Studierende ein Tutorium abseits vorgeschriebener Veranstaltungen anbieten und ein Austausch zwischen Studierenden auch außerhalb der Prüfungsordnung stattfindet, ist nur zu begrüßen.",-1,Bildungsangebote außerhalb des Studienplanes sind ein wesentliches Element universitären Lebens und eine ausgezeichnete Möglichkeit zur Horizonterweiterung.,-1,"Die autonomen Tutorien ermöglichen studentisch organisiertes Lernen. Student*innen vermitteln ihre Erfahrungen und ihr erarbeitetes Wissen an andere Student*innen. Ohne Rang- und Statusunterschiede und ohne den Leistungsdruck der Bachelor- und Masterstudiengäng wird hier ein Raum des Austauschs und der Diskussion geschaffen, der im normalen Unialltag sonst keinen Platz hätte. Auch die häufig politische oder gesamtgesellschaftliche Ausrichtung ist etwas, dass im Institutionalisiertem Lehrbetrieb nur selten angestrebt wird. Fachdisziplinäre Grenzen, Expertenwissen und die oftmals unrealistische und überzogene Stoffmenge, die dort vermittelt werden sollen, stehen einer vertiefenden und kontroversen Diskussion der Inhalte entgegen. Wir erhoffen uns von den Autonomen Tutorien daher weiterhin einen alternativen Bildungsentwurf und einen Fortführung des hierarchiefreien gemeinsamen Arbeitens. Der Nebeneffekt beziehungsweise die Voraussetzung, dass die studentischen Tutoren hierfür entlohnt werden, wird von uns explizit begrüßt. Die intensive Auseinandersetzung mit dem Stoff, der Entwurf eines Konzepts für die Vermittlung und Andere und natürlich auch die Durchführung der Veranstaltung sind wertvolle Tätigkeiten und das darf sich auch entsprechend im Lohn darstellen.",-1
,"Es ist gut, wenn politische Hochschulgruppen einen engen Bezug zu einer landes-/bundespolitischen Partei haben.","Einen engen Bezug zu landespolitischen Parteien lehnen wir ab, da wir uns nicht an eine übergeordnete Parteilinie binden wollen. FACHWERK lebt vom Konsens und von der Diskussion seiner Mitglieder ohne sich nach übergeordneten Strukturen und Meinungen zu richten.
Ein Kontakt zu Parteien ist uns bei bestimmten landespolitischen Themen, wie z.B. dem Hessischen Hochschulgesetz, trotzdem möglich.",-1,"Es ist sicherlich falsch, wenn hochschulpolitische Listen unreflektiert Parteiprogramme der etablierten Parteien aus Bund- oder Landesebene an die Universität tragen. Inhaltlich sollten Listen selbständig und reflektiert eine Meinung entwickeln zumal hochschulpolitische Themen meist von den etablierten Parteien abgedeckt werden.

Menschen, denen Ökologie, Frieden und Menschenrechte ein zentrales Anliegen sind, schließen sich weltweit in ""grünen"" Parteien zusammen. Wir als CampusGrüne teilen diese grundsätzlichen Werte der ""grünen"" Bewegung - sind aber institutionell nicht mit Bündnis90/ Die Grünen verbunden. ",0,"Manche politischen Themen können nur auf überregionaler Ebene gelöst werden. Etwa BAföG, das Deutschlandstipendium oder die Exzellenzinitiative. Dafür ist es gut den Verband der Jusos zu haben, durch den wir Einfluss auf die SPD nehmen. Eine Einmischung von der SPD auf unsere Arbeit findet dagegen nicht statt.",0,Wir freuen uns über jeglichen konstruktiven Input der aus der Landes- oder Bundespolitik kommt. Unsere Liste ist jedoch parteipolitisch ungebunden.,0,Die Unterstützung durch eine Partei hat Vor- und Nachteile. Allerdings ist es nicht wichtig einen engen Bezug zu haben. Durch eine unterstützende Partei lassen sich oftmals zusätzliche Kräfte und Mittel mobilisieren. Außerdem erleichtert es die direkte Einflussnahme auf die Politik. Die gegenseitige Unterstützung sollte sich allerdings auf eine kritisch-solidarische Zusammenarbeit beschränken.,-1
,"Die Anreize zur Einhaltung der Regelstudienzeit sollen abgeschafft werden. 

Zurzeit erhalten nur Studierende in Regelstudienzeit Bafög und zudem erhält die Universität mehr Zuschüsse vom Land für Abschlüsse in Regelstudienzeit.","Wir lehnen Druck und Anreize zur Einhaltung der Regelstudienzeit, wie beispielweise den Wegfall des BAföG, ab. Persönliche Entwicklung, Mitarbeit in Fachschaften oder Hochschulgruppen und anderes Engagement bleiben dabei auf der Strecke.Bildung ist für uns keine Ware, die in kürzester Zeit von Studierenden         konsumiert wird. Wir sollten aus unserer Zeit an der TU mehr als nur ""klausurrelevantes Wissen"" mitnehmen.
<a href=“http://www.fachwerkhouse.de/?portfolio=freie-bildung“ target=“_blank“>fachwerkhouse.de/?portfolio=freie-bildung</a>",1,"Die Regelstudienzeit beschreibt die Zeit in der ein Studium in Vollzeit schaffbar sein muss und dient somit als Anhaltspunkt für die Planung von Studierenden und Universitäten. Im Kontext von selbstbestimmtem Leben und Lernen aller Studierenden sollte von Universitäts- und Landesebene darüber hinaus jedoch keinen Druck (z.B. durch finanzielle Vor- oder Nachteile) ausgeübt werden, die Regelstudienzeit einzuhalten.

Die Maßgabe, dass nur Studierende in Regelstudienzeit BAföG beziehen, birgt gleich zwei Probleme. Zum einen schränkt der Druck für Studierende, die BAföG beziehen, sie in der Freiheit ihres Studiums ein und entspricht nicht unserer Anforderung an selbstbestimmtes Leben und Lernen. Neben dem Studium lassen sich so viel sinnstifftenden (und unsinnstifftenden) Dinge anstellen, die das eigene Leben und die Gesellschaft bereichern.

Zum anderen werden durch die Regelung finanziell schwach aufgestellte Studierende benachteiligt. Das BAföG sollte eigentlich dazu da sein, die finanziellen Unterschiede aus dem Elternhaus zu beseitigen, nicht sie weiter zu zementieren. 

",1,"Die Finanzierung von Hochschulen an den Abschlüssen in Regelstudienzeit zu fixieren, widerspricht einem Anspruch an ein kritisches und selbstbestimmtes Studium. Regelstudienzeiten sollten ab sofort Mindeststudienzeiten genannt werden.",1,"Bei vielen Studiengängen unterscheiden sich Regelstundienzeit und Durchschnittsstudienzeit massiv. Um der Realität Genüge zu tun, müssen die Anreize zumindest an die Durchschnittsstudienzeit angepasst, wenn nicht komplett abgeschafft werden.",1,"Menschen schon während des Studiums so einem Leistungsdruck auszusetzen, führt nicht zu einer produktiven Lernumgebung. Studenten, die finanziell auf Unterstützung angewiesen sind, haben dasselbe Recht wie andere, neben dem Studium ein Sozialleben zu haben. Das Studium und die Vergabe von Creditpoints an der 40-Stunden-Woche zu orientieren, ist vollkommener Unsinn. Die Vermittlung des Stoffs wird individuell unterschiedlich viel Zeit in Anspruch nehmen und zu individuell unterschiedlichen Ergebnissen führen. Dies sollte man bei der Gestaltung von Studien und Prüfungsordnungen in erster Linie bedenken. Wir fordern daher eine Entschlackung der Prüfungsordnungen, eine Reduzierung der Leistungskontrollen und mehr Freiheit - und dazu ist auch die freie Einteilung der Zeit zu rechnen - in der Gestaltung des Studiums. Da es sich bei der BAföG-Förderung um knappe öffentliche Mittel handelt, ist es leider unter den aktuellen Verhältnissen nicht möglich, jedem so viel Geld wie man braucht, so lange wie sie oder er es benötigt zur Verfügung zu stellen. Wir fordern daher ein eltern- und einkommensunabhängiges BAföG für insgesamt bis zu zehn Semester, ohne dass dies durch Leistungsnachweise oder Abschlüsse zu regulieren wäre. Die Begrenzung der Fördermittel auf die Regelstudienzeit ist absurd, schließlich gibt es auch kein ""Regelleben"". Die BAföG-Förderung muss sich folglich an die unterschiedlichen Lebensbedingungen der Studierenden anpassen. Studieren und Bildung ist ein Menschenrecht und in einer reichen Gesellschaft wie der unseren sollte es uns das auch ein bisschen Geld wert sein.",1
,Geschlechtergerechte Sprache (sog. Gendering) soll Standard an der TU Darmstadt sein. ,"Sprache ist ein Aspekt mit dem ein Bewusstsein über Geschlechterrollen und deren Benachteiligungen geschaffen werden kann. Wir setzen uns deshalb aktiv für geschlechtergerechte, also auch geschlechterneutrale, Sprache ein. Sie sollte Pflicht für alle offiziellen Veröffentlichungen der Universitäts- und Fachbereichsverwaltung sein. In Forschungs- und Abschlussarbeiten darf ihre Verwendung nicht zu einer schlechteren Bewertung führen. Wir fordern alle auf, sich aktiv für die Schaffung bzw. Stärkung eines Bewusstseins der Universität im Bezug auf geschlechtergerechte Sprache einzusetzen. ",1,"Geschlechtergerechtigkeit fördert Gleichheit und sollte ein wichtiger Grundsatz der Gesellschaft und somit auch einer Universität als öffentliche Bildungsanstalt sein. Durch geschechtergerechte Sprache können sich alle gleichermaßen angesprochen fühlen und Ungleichheit im Sprachgebrauch wird behoben. Die Relevanz des Themas Geschlechtergerechtigkeit rückt durch den Anspruch eines offiziellen Standards an unserer Universität zudem weiter in das Bewusstsein der Gesellschaft.

Zudem hilft Gendering auch andere Themen der Geschlechtergerechtigkeit in den Vordergrund zu rücken, wie beispielswiese die geringe Durchlässigkeit in der Wissenschaft - das bedeutet, dass selbst wenn ein großer Teil Studentinnen sich für ein Fach begeistern kann, dennoch deutlich weniger Doktorantinnen ihren Titel erwerben und noch weniger Professorinnen letztendlich in den Vorlesungsälen und Laboren stehen. ",1,"Ein Sprache, die Frauen nicht genügend beachtet, schafft ein Bewusstsein, das Frauen nicht genügend beachtet, schafft eine Realität, die Frauen nicht genügend beachtet. Deswegen sollte die TU Darmstadt darauf hinwirken, dass geschlechtsneutrale Bezeichnungen wie „Studierende“, „Lehrende“ oder „Teilnehmende“ verwendet werden. Jedoch lehnen wir einen Zwang ab.",0,"Voraussetzung hierfür ist ein klarer, einheitlicher Standard, welcher den Lesefluss nicht stört. Es darf jedoch kein Student dazu verpflichtet werden, bestimmte genderneutrale Sprache verwenden zu müssen.",0,"Dass unsere Gesellschaften über Jahrtausende patriarchal organisiert waren und viele dieser Strukturen noch heute wirksam sind, schlägt sich auch in der männlich dominierten Sprache nieder. Nachdem der Kapitalismus sehr erfolgreich darin ist alle Menschen unabhängig vom Geschlecht auf ihre Rollen als Arbeiter*innen und Konsument*innen zu reduzieren und im bürgerlichen Rechtsstaat rechtliche Gleichheit für alle Staatsbürger institutionalisiert wurde, muss nun die kulturelle Spähre von den überkommenen Diskriminierungen befreit werden. Ein Schritt wie das Gendering, das niemandem weh tut und vielen - zumindest sprachliche - Anerkennung verschafft, sollte daher einen Selbstverständlichkeit sein.",1
,"Internationale Studierende sollen aufgrund der Sprachbariere differenzierte Prüfungsbedingungen bekommen.

So sollen zum Beispiel die Lesezeiten für sie in den Klausuren verlängert werden.","Viele internationale Studierende sind bei umfangreichen Fragestellungen und knapper Klausurzeit deutlich benachteiligt. Wir halten jedoch Zeitdruck bei Klausuren generell für inakzeptabel. Alle sollten die Möglichkeit haben, die Klausur innerhalb des Zeitrahmens zu beenden und genug Zeit zur Verfügung über die Aufgabenstellung nachzudenken und die Aufgaben zu bearbeiten. Diesem Problem ließe sich mit einer Lesezeit vor Klausurbeginn für alle Studierenden entgegenwirken. Zusätzlich sollte es möglich sein, Fragen auf Englisch zu beantworten.
<a href=“http://www.fachwerkhouse.de/?portfolio=internationale-studierende“ target=“_blank“>fachwerkhouse.de/?portfolio=internationale-studierende</a>",1,"Grundsätzlich sollten Barrieren verhindert und Benachteiligungen ausgeglichen werden, um gerechte Lehr- und Lernbedingungen für alle zu schaffen. Dies gilt für Sprachbarrieren internationaler Studierende ebenso wie für Beeinträchtigungen in anderen Kontexten. Nachteilsausgleiche (wie längere Lesezeiten) sind für uns ein Mindestanspruch. Ziel wäre für uns, Barrierefreiheiten zu schaffen und die Nachteile gar nicht erst entstehen zu lassen (z.B. alle Prüfungen auch auf Englischer Sprache anzubieten).",1,"Ein Unding, dass das noch nicht der Fall ist.",1,"Derartige Regelungen sind aufgrund der nötigen Vergleichbarkeit der Prüfungsbedingungen nur schwer umzusetzen. Die Zulassungsvoraussetzungen für deutschsprachige Studiengänge sollen so formuliert sein, dass es zugelassenen internationalen Studierenden möglich ist, das Studium zu absolvieren. Wir fordern stattdessen, dass die Angebote des Sprachenzentrums ausgebaut werden.",-1,"Es sollten alle Studierenden an der TU dieselben Chancen und Möglichkeiten haben. Dazu gehört auch, dass Studierende mit schwächeren Deutschkenntnissen auch die Möglichkeiten bekommen die Prüfungsaufgaben genauso zu verstehen.",1
,"Das Call-a-Bike System soll wieder abgeschafft werden. 

Derzeit zahlt jeder Studi 2,38 €/Semester für das deutschlandweite Call-a-Bike System. <a href=""https://www.asta.tu-darmstadt.de/asta/de/angebote/call-a-bike"" target=""_blank"">AStA Info zu Call-a-Bike</a>","Die Kooperation der Studierendenschaft mit Call-a-Bike hat für die zügige Einführung eines Leihfahrradsystems gesorgt, das auch noch weiter ausgebaut wird. So wird nachhaltige Mobiltität gefördert, sogar außerhalb Darmstadts, da die Freiminuten auch in vielen anderen Städten nutzbar sind.
Mehrere tausend Darmstädter Studierende nutzen das System bereits. Nicht nur in Darmstadt, sondern auch in anderen Städten mit Call-a-Bike System werden von Studierenden zehntausende Fahrten pro Semester gemacht.
Wir haben uns aktiv für die Einführung des Systems eingesetzt und sehen bis heute sehr viele Vorteile für die Studierenden. Dementsprechend sind wir gegen eine Abschaffung.",-1,"Das Call-a-Bike System ist eine gute Alternative zu Bus und Bahn und ermöglicht Studierenden flexible, ökologische und kostengünstige Mobilität rund um die Uhr. Per ÖPNV anreisende PendlerInnen sind inder Stadt mobiler und wer spät nachts noch heim will, hat nun immer ein Fahrrad zur Verfügung. Da das Ausleihen von bis zu drei Fahrrädern möglich ist, sind zudem auch FreundInnen von Studierenden während ihrer Zeit in Darmstadt mobil. 

Das Call-a-Bike System ist eine treibende Kraft für den Ausbau des Radwegenetzes in Darstadt.",-1,Das Fahrradverleihsystem ist eine tolle Sache und wird auch gut genutzt.,-1,Die Call-a-Bike-Fahrräder werden von den Studierenden gerne genutzt und haben sich als flexibles Fortbewegungsmittel bewährt. Der Service soll deshalb bestehen bleiben und nach Bedarf ausgeweitet werden,-1,"Umweltfreundliche Mobilität, die für alle erreichbar ist, ist sozial und ökologisch. Gerade in einer kleinen Stadt wie Darmstadt ist ein Fahrrad das ideale Verkehrsmittel. Über diese Möglichkeit sollten die Studierenden allerdings besser informiert werden.",-1
,"Das Solidaritätsprinzip bei der Finanzierung der <a href=""https://www.asta.tu-darmstadt.de/asta/de/angebote"" target=""_blank"">Angebote</a> der Studierendenschaft soll aufgehoben werden. 

Solidaritätsprinzip: Alle Studierende zahlen pro Semester den gleichen Beitrag, auch wenn die Stärke der Nutzung zwischen Studierenden variiert. Dadurch wird es ermöglicht, günstigere Konditionen mit den Anbietern auszuhandeln.","Das Solidaritätsprinzip ist die Grundlage der Angebote der Studierendenschaft, denn mit niedrigen Beiträgen für die Einzelnen lässt sich viel erreichen. Es ist klar, dass es immer Menschen gibt, die die Angebote nicht voll ausnutzen. Jedoch wäre es ohne das Solidaritätsmodell finanziell schwächeren Studierenden z.B. überhaupt nicht möglich, den Nahverkehr zu benutzen.
Darüber hinaus, ist es oft erst durch eine flächendeckende Einführung möglich, die Angebote zu besonderen und günstigen Konditionen anzubieten.",-1,"Viele Angebote der Studierendenschaft wie bspw. das Semesterticket wären ohne Solidarprinzip nicht annährend zu den selben Konditionen realisierbar. 
Öffentliche Infrastruktur funktioniert immer nur über solidarische Finanzierung und Abgaben, die alle tätigen. 

Vor allem die finanziell weniger priveligierten Studierenden profitieren von dem Modell. 
So dürfte es für die meisten Studierenden finanziell nicht möglich sein, sich beispielsweise einen Rechtsanwalt zur Beratung zu nehmen - auch hier hat die Studierendenschaft solidarisch finanzierte Angebote. Außerdem setzen solidarisch finanzierte Angebote im Kulturbereich (wie die Kooperation mit dem Staatstheater) Anreize zu deren Nutzung.


",-1,"Nur durch das Solidaritätsprinzip, welches beispielsweise auch bei den gesetzlichen Krankenkassen angewendet wird, können überhaupt ein RMV-Ticket, kostenloses Staatstheater und der Schlosskeller angeboten werden. Jede Erhöhung des Beitrags muss jedoch kritisch überprüft werden.",-1,"Die Finanzierung nach dem Solidaritätsprinzip ist alternativlos. Vergünstigungen im aktuellen Umfang sind anders nicht denkbar. Jeder Studierende hat die Möglichkeit, diese Angebote wahrzunehmen.",-1,Das Solidaritätsprinzip ist wichtig und alternativlos.,-1
,"Es soll ein Kulturticket eingeführt werden, für welches eine Erhöhung der Semestergebühren um wenige Euro angemessen wäre. 

Ein Kulturticket soll es Studierenden erlauben, Museen, Theater und Ausstellungen im Kreis Darmstadt-Dieburg ohne zusätzliche Kosten oder mit Ermäßigung zu besuchen.","Die Förderung der kulturellen Interessen der Studierenden gehört zu einer wichtigen Aufgabe der Studierendenschaft. Neben eigenen kulturellen Angeboten sehen wir es auch als wichtig an, Studierenden einen freien Zugang zu anderen Kulturangeboten zu ermöglichen.
Damit Studierende einen freien kulturellen Zugang erhalten, befürworten wir die Einführung eines solidarisch finanzierten Kulturtickets.",1,"Wir betrachten die Kooperation mit dem Staatstheater als großen Erfolg, den wir gerne auf weitere Kulturbereiche übertragen würden. Das Studium sollte zum einen aus mehr als nur auf Klausuren lernen bestehen, zum anderen sind Museen und Theater auch Teil von Bildung und können deshalb durchaus von der Studierendenschaft gefördert werden.   

Dabei haben wir vor einer etwaigen Einführung weiterer Kooperationen einen kritischen Blick auf deren Preisleistungsverhältnis, damit ein Solidaritätsbeitrag nicht zur großen Belastung für finanziell schwache Studierenden wird. ",1,"Ein Kulturticket ermöglicht allen studierenden die Teilhabe an den kulturellen Einrichtungen der Stadt Darmstadt und ist daher nur zu begrüßen. Jedoch muss eine Erhöhung des Semesterbeitrags sehr genau überprüft werden. Eine Idee wäre, alle Studierenden der TU Darmstadt über die Einführung eines Kulturtickets abstimmen zu lassen.",1,Ein breites Kulturangebot sehen wir als sehr sinnvoll an. Eine Erhöhung des Semestertickets ist allerdings immer kritisch zu prüfen und der Nutzen muss auch für die breite Studierendenschaft den Preis rechtfertigen.,1,"Kulturelles Leben ist ein wichtiger Bestandteil zur Entfaltung der Persönlichkeit und darf für Menschen mit wenig Geld nicht unzugänglich sein. Deshalb sollten entsprechende Verträge auch nur mit Institutionen geschlossen werden, bei denen die zusätzlich zu erhebenden Eintrittsgelder dadurch marginal werden. Ein Solidaritätsprinzip wie es bundesweit bei Theatern und Museen praktiziert wird, in dem die lohnarbeitende Bevölkerung den Theaterbesuch der Oberschicht subventioniert, sich selbst aber kaum eine Karte leisten kann, ist inakzeptabel.",1
,"Gewerbliche Referate der Studierendenschaft, die über einen längeren Zeitraum defizitär arbeiten, sollen unabhängig ihres sonstigen Nutzens abgeschafft werden. 

Derzeitige gewerbliche Referate:603qm, Fahradwerkstatt, Papierladen, Schlosskeller, Schlossgarten","Die Hauptaufgabe der gewerblichen Referate liegt unserer Meinung nicht darin, (maximale) Gewinne zu erwirtschaften, sondern darin, den Studierenden ein vielfältiges Angebot zu bieten.
Gerade kulturelle und politische Veranstaltungen wie z.B. Konzerte, Lesungen oder Ringvorlesungen bieten einen großen Mehrwert für die Studierenden, erwirtschaften jedoch selten Gewinne.<a href=“http://www.fachwerkhouse.de/?portfolio=unileben“ target=“_blank“>fachwerkhouse.de/?portfolio=unileben</a>",-1,"Die gewerblichen Referate der Studierendenschaft dienen nicht primär der finanziellen Gewinnerzielung. Sollten sie die Kasse der Studierendenschaft aufbessern, umso besser, aber dies ist für uns keine zwingende Bedinung für deren Fortbestand. Vielmehr wägen wir den Nutzen der einzelnen Referate mit den Kosten für den Ausgleich deren etwaigen Defizite ab. 

Dennoch arbeiten wir an der Wirtschaftlichkeit der Gewerbe und bemühen uns um ausgeglichene Haushalte auf der Grundlage solider Planung, denn es ist trotzdem das Geld der Studierenden, mit dem die Gewerbe arbeiten, und bei Studierenden sitzt das Geld bekanntlich knapp. ",-1,"Gemeinnützige Organisation verfolgen keine wirtschaftlichen Gewinnziele, weshalb es nicht unüblich ist, dass diese in negativen Zahlen geraten. Natürlich sollte das immer vermieden werden, denn es geht um Gelder von Studierenden. Vor allem das 603qm hatte sehr lange defizitäre Zahlen, war jedoch unter Studierenden der beliebteste Veranstaltungsort in Darmstadt.",-1,"Solange ein gewerbliches Referat einen Mehrwert für die Studierendenschaft darstellt, ist auch ein defizärer Betrieb gerechtfertig. Der kulturelle Mehrwert muss allerdings auch hier im Verhältnis zu den entstehenden Kosten für die Studierendenschaft stehen.",-1,"Studentische selbstverwaltete Subkultur und Serviceeinrichtungen sind ein wichtiger Bestandteil einer lebendigen Stadt, in der auch Menschen mit wenig Geld am Leben teilhaben können. Sie bilden eine Alternative zu rein kommerziellen aber  leblosen Angeboten. Um das studentische Leben vielfältiger und auch günstiger zu gestalten, sollten die gewerblichen Referate vielmehr gefördert werden, um ein selbstbestimmtes Zusammenkommen aller Studierenden - auch der ärmeren - zu ermöglichen. Eintrittsgelder sollten daher nicht erhoben werden. Der Verzehr mitgebrachter Speisen und Getränke sollte erlaubt und nicht verboten sein. Fixkosten sollten aus dem allgemeinen Budget des AStA bestritten werden. Nur die laufenden Kosten sollten durch den Verkauf von Speisen und Getränken gedeckt werden. Rücklagen und Gewinne sind nicht anzustreben. Die Gewerbe sollten in Form von Genossenschaften von der gesamten Studierendenschaft betrieben werden.",-1
,"Die TU Darmstadt soll ein optionales Orientierungsstudium anbieten.

In den ersten ein bis zwei Semestern soll das Belegen von Modulen verschiedener Fachdisziplinen zur Orientierung dienen (Prinzip: <a href=""http://de.wikipedia.org/wiki/Studium_generale"" target=""_blank"">Studium Generale</a>).","Ein Orientierungsstudium, in welchem Studierende die Möglichkeit haben ohne Zwänge und Druck einen Einblick in das Studium verschiedener Disziplinen zu erhalten, hilft bei der Orientierung und der Wahl eines für sie passenden Studienfachs. Es erleichtert außerdem den Übergang von der Schule zur Universtität und gibt einen realistischeren Einblick in den zukünftigen Studiengang. Hierdurch lässt sich unter Umständen einem frühen Studienabbruch vorbeugen und Frustration vermeiden.",1,"Prinzipiell finden wir die Idee eines Orientierungsstudiums sehr charmant, da viele Schulabsolvent*innen, nicht erst seit der Einführung von G8, sich über ihre Studienwünsche noch nicht abschließend im klaren sind. Was einen wirklich erwartet merkt man ohnehin häufig nur nach Beginn des Studiums. 

Wir haben jedoch auch klare Anforderungen an ein Orientierungsstudium; Dieses sollte frewilig bzw. optional sein, und alle darin absolvierten Module sollen für anschließende Studiengänge anrechenbar sein. 

",1,"Viele AbiturientInnen sind sich nicht sicher bei der Wahl ihres Studiums. Ein Orientierungsstudium wäre eine tolle Möglichkeit für alle StudienanfängerInnen, sich in der Hochschule erstmal umzusehen und zurechtzufinden.",1,"Ein optionales Orientierungsstudium ist eine effektive Möglichkeit zur Horizonterweiterung. Zudem ermöglicht es Abiturienten,  vor der Studiengangwahl eine Orientierung zu erlangen. Nötig ist jedoch eine gute Organisation des Angebots und eine angemessene Kontrolle.",1,"Eine gute Idee, die gerade unentschlossenen Schüler*innen die Möglichkeit gibt einen Überblick zu gewinnen. Erst an der Universität und durch den Besuch 'echter' Lehrveranstaltungen kann ein Einblick in die universitäre Lehre gewonnen werden, der eine informierte Studienfachwahl ermöglicht. Der Druck, der durch Eltern, Öffentlichkeit, BAföG und nicht zuletzt die Universität selbst aufgebaut wird, innerhalb der Regelstudienzeit einen Abschluss zu erwerben, sollte nicht bereits zu Beginn des Studiums voll durchschlagen. Außerdem bietet sich in einer vom Leistungsdruck entlasteten Studieneingangsphase die Möglichkeit sich allgemein zu bilden, sich einen Überblick zu verschaffen und nicht sofort zum Experten in einem bestimmten Gebiet ausgebildet zu werden. Vor Verwirklichung muss natürlich noch diskutiert werden, wie das ganze umgesetzt wird, so dass erbrachte Leistungen trotzdem gewertet werden können, ohne dass die Studienanfängerin oder der Studienanfänger sofort in den Leitsungsdruck des normalen Bachelors gerät.",1
,Das Studierendenwerk Darmstadt soll aus sozialen und/oder ökonomischen Gründen in Wohnheimen langfristig ausschließlich Zimmer in Wohngemeinschaften und keine Einzelzimmer anbieten.,"Das Studierendenwerk sollte hauptsächlich Plätze in Wohngemeinschaften anbieten, denn so kann mehr günstiger Wohnraum geschaffen werden. Trotzdem müssen weiterhin auch Einzelappartements in angemessener Anzahl angeboten werden. Bei deren Vergabe sollten jedoch Bewerber*innen mit (etwaigen) speziellen Bedürfnissen bevorzugt werden.
<a href=“http://www.fachwerkhouse.de/?portfolio=wohnraum“ target=“_blank“>fachwerkhouse.de/?portfolio=wohnraum</a>",-1,"Für uns ist besonders wichtig, dass WGs günstiger und ökologischer sind als Einzelzimmer. Da es unserer Ansicht nach die Aufgabe des Studierendenwerks ist, insbesondere für finanziell schwache Studierende Wohnraum anzubieten, ist der Bau von WGs angemessener. 

",1,"Manche Studierende sind auf Einzelzimmer angewiesen, z. B. Mütter und Väter mit ihrem Kind oder Menschen mit einer Beeinträchtigung.",0,Der heterogenen Studierendenschaft sollte ein breites Angebot an günstigem Wohnraum durch das Studierendenwerk Darmstadt bereitgestellt werden. Menschen gegen ihre persönlichen Neigungen in Wohngemeinschaften zu zwängen ist nicht mit dem selbstbestimmten Leben eines Studierenden zu vereinbaren.,-1,"Nein. Die Lebensform sollte nicht ausschließlich nach Kosten-Nutzen-Rechnungen festgelegt werden und eine politische Entscheidung für Wohngemeinschaften und gegen Einzelzimmer ist ein Eingriff in die privaten Persönlichkeitsrechte. Wenn solche Eingriffe gerechtfertigt sein sollen, müssen sie in einem breiten, partizipativen demokratischen Prozess entschieden werden und nicht innerhalb des AStA oder des Studentenwerks. Allerdings muss bei der Aufwendung knapper öffentlicher Mittel immer auch das Kosten-Nutzen-Verhältnis mitbedacht werden. Wir sind allerdings der Meinung, dass auch Einzelzimmer (mit Bad) in Flurgemeinschaften, die nötige ökonomische Effizienz erreichen können. ",-1
,Die TU Darmstadt soll mehr Kopierer für Studierende zur Verfügung stellen.,"Besonders an den Bibliotheksstandorten wird ein Grundbedarf an Kopierern benötigt, um Texte und Aufgaben auszudrucken. Außerhalb der ULB sehen wir die Ausstattung aktuell als ausreichend an.",0,"Weniger Papier zu nutzen und besser digital zu arbeiten macht aus ökologischen und ökonomischen Aspekten Sinn. Jedoch ist das im Studium natürlich nicht immer realisierbar und in vielen Arbeiten ist man auf Papier angewiesen. Dafür müssen auch aussreichend Kopierer (Multifunktionsgeräte) zu Verfügung stehen. Die Druckkosten verleiten Studierende ohnehin nur das zu drucken, was wirklich nötig ist. Deshalb wäre es aus unserer Sicht sinnvoll, wo möglich papierlose Alternativen zu schaffen und eine Zettelwirtschaft zu vermeiden. 

",0,-,0,In der Nähe größerer Lernräume soll es ausreichend viele Kopierer geben. Ein Ausbau des Angebots Unterlagen zusätzlich auch aus dem Internet auszudrucken ist anzustreben.,1,In einigen Teilen der Universität ist es schlicht unmöglich etwas zu drucken. Mehr Kopierer auf dem Campus würden den Studienalltag deutlich erleichtern.,1
,Zulassungsbeschränkungen zu Studiengängen sollen abgeschafft werden.,"Wir stehen für ein selbstbestimmtes Studium und dazu gehört auch die freie Wahl des Studienfaches. Statt durch Zulassungsbeschränkungen die Studierendenzahlen künstlich klein zu halten, müssen ausreichende finanzielle Mittel zur Verfügung gestellt werden, um eine freie Studienwahl bei gleichzeitig guten Lehr- und Lernbedingungen zu ermöglichen.
<a href=“http://www.fachwerkhouse.de/?portfolio=freie-bildung“ target=“_blank“>fachwerkhouse.de/?portfolio=freie-bildung</a>",1,,1,"Wir wollen, dass jede/r Interessierte ein Fach seiner bzw. ihrer Wahl studieren kann. Auswahlgespräche, Zulassungstests und andere fragliche Auswahlverfahren entsprechen nicht unserer Vorstellung von Gerechtigkeit und Chancengleichheit. Wir fordern endlich ausreichend Studienplätze, damit sämtliche Auswahlverfahren und Zulassungshürden obsolet werden.",1,Aufgrund der nicht ausreichenden Grundfinanzierung durch den Bund und das Land Hessen kann die Universität leider nicht jedem Bewerber seinen Wunschstudienplatz anbieten. Das mit Abstand sinnvollste Instrument der Beschränkung ist unserer Meinung nach hier ein Eignungsfeststellungsverfahren wie z.B. im FB 16.,-1,"Grundsätzlich sollte eine Zulassungsbeschränkung nicht stattfinden, da jeder Mensch das Recht zu studieren haben sollte und in dieser Wahl nicht durch verwaltungstechnische Vorgaben eingeschränkt sein sollte. Wenn ein ordentliches Studium aufgrund der Kapazitäten an einem bestimmten Institut/Fachbereich nur für eine bestimmte Anzahl Studierender gewährleistet werden kann, sollte auf das Losverfahren zurückgegriffen werden, da nur hier Chancengleichheit gewährleistet werden und willkürliche Bewertungen wie Schulnoten eliminiert werden können. Inhaltliche Tests, künstlerische Beurteilungen, Assessmentcenter beziehungsweise so genannte Eignungsfestellungsverfahren sind grundsätzlich abzulehnen, da hier tendenziell die Professoren zur Reproduktion ihres eigenen Milieus beitragen. Außerdem ist eine Überprüfung der Geeignetheit für ein bestimmtes Studienfach noch vor dem Studium, welches ja erst den Beginn der Aneignung der fachlichen Inhalte darstellt, Unsinn. Dass Legastheniker nicht Deutsch auf Lehramt studieren, dass Menschen mit Rechenschwäche nicht Physiker, Ingenieur und so weiter zu werden versuchen und dass unkreative Menschen nicht Künstler werden wollen, muss nicht verordnet werden, sondern wird sich in der Regel durch die persönliche Vernunft der Bewerber von selbst regulieren. Sollten dabei hin und wieder Menschen ihre Talente und Potentiale falsch einschätzen, sollten wir mit diesem Risiko der Freiheit einfach leben können.",1
,Alle Studienplätze mit Zugangsbeschränkung sollen deutschlandweit zentral vergeben werden.,"Grundsätzlich lehnen wir Zugangsbeschränkung ab. Da diese aktuell aber noch Realität sind, bevorzugen wir eine zentrale Vergabe von Studienplätzen, um den Kampf der Universitäten um die ""besten"" Bewerber*innen einzuschränken, weil dies für die Bewerber*innen einen erhöhten Aufwand durch Bewerbungsgespräche und künstlich verkürzte Fristen bedeutet. Zudem führt das aktuelle System dazu, dass nicht immer alle verfügbaren Plätze besetzt werden. ",1,"Wir sind langfristig gegen Zulassungsbeschränkungen aber in einem Hochschulsystem mit zugangsbeschränkten Studiengängen ist dies die fairste Alternative. So besteht für alle Studierenden Chancengleichheit und zeitaufwendige Mehrfachbewerberbungen und Bewerbungsgespräche, die mit Anreise und Kosten verbunden sind, sind nicht mehr nötig. Eine Priorisierung durch die Studierenden sowie Ausnahmen (Kinder, Pflege von Familienangehörigen etc.) müssten selbstverständlich Teil des Systems sein.

Auch für die Unviersitäten wäre dies eine Erleichterung. Mehrfachbewerbungen und Nachrückverfahren verursachen unnötige Bürokratie, Studiengänge werden überbucht bzw. sind nicht ausgelastet. Zudem würde der Konkurenzkampf unter den Hochschulen um Studierende eingedämmt. Dem gegenüber müsste aber auch eine gerechte Ausfinanzierung aller Hochschulen stehen, um keine großen Qualitätsunterschiede zu haben. 


",1,-,0,"Wir sehen die zentrale Studienplatzvergabe nicht als sinnvoll an, weil auch lokale standortbezogene Gründe für oder gegen eine Hochschulwahl sprechen können. Hochschulen können bei einer dezentralen Platzvergabe individuelle Zulassungs- und Eignungsverfahren durchführen. ",-1,"Mit einer zentralen Studienplatzvergabe fällt der Zwang weg, sich an etlichen Universitäten in Deutschland zu bewerben, in der Hoffnung irgendwo doch genommen zu werden. Dabei kann es dazu kommen, dass man erst wenige Tage vor Vorlesungsbeginn doch noch durch ein Nachrückverfahren an einen Platz an der Wunschuni kommt. Dann gibt es keine Zeit mehr für Wohnungssuche und Einleben in der neuen Stadt. Wichtig bei einer zentralen Vergabe ist es allerdings, dass Präferenzen angegeben werden können und, dass die Platzvergabe mindestens drei Monate vor Beginn des Semesters abgeschlossen ist. Im Anschluss an die Vergabe sollte eine offizielle Tauschbörse gestartet werden. Dadurch können Bewerber, denen ihre Zuordnung nicht gefällt schnell, unkompliziert und mit rechtlicher Sicherheit ihre Zulassungen tauschen, bis möglichst viele zufrieden sind.",1
,"Die Zivilklausel an der TU Darmstadt soll wieder abgeschafft werden.

Mit der Zivilklausel verpflichtet sich die TU Darmstadt selbst, keine militärische Forschung und Lehre zu betreiben.","Die Zivilklausel wurde erst kürzlich unter maßgeblicher Beteiligung von FACHWERK eingeführt. Dementsprechend sind wir gegen eine Abschaffung und setzen uns für eine zivile Universität ein, deren Forschung und Lehre auf friedliche Ziele ausgerichtet sind.",-1,"Die Zivilklausel wurde an der TU Darmstadt gemeinsam erarbeitet und einstimmig in der Universitätsversammlung um dem Senat beschlossen.

Warum überhaupt eine Zivilklausel? Wir sind der Meinung, dass die kreativen Köpfe der TU Darmstadt sich besser mit zivilen Projekten befassen und versuchen die Welt friedlich weiter zuentwickeln. Militärische Forschungs, so sie den nötig sein sollte, gehört an Bundeswehruniversitäten und vom Verteidigungshaushalt bezahlt, oder direkt von der Rüstungsindustrie selbst erforscht - ohne die Bindung von Mitteln und Kreativität öffentlicher Hochschulen!

",-1,"Der Grund für die Klausel ist, dass Rüstungskonzerne und Militär wiederholt versuchten, sowohl in natur- und ingenieurwissenschaftlichen Studiengängen, als auch das geistes- und sozialwissenschaftliche Studium inhaltlichen Einfluss zu nehmen. Durch von Rüstungskonzernen finanzierte Stiftungsprofessuren oder gemeinsame militärische Forschungsprojekte kann die Universität leicht zum Unterstützer militärischer Forschung werden. Die Einwirkung des Militärs widerspricht vehement dem Selbstverständnis von Forschung und Lehre, die in erster Linie dem friedlichen Zusammenleben aller Völker dienen soll.",-1,Die Technische Universität Darmstadt ist eine zivile Institution und die Umsetzung der Zivilklausel sehr gelungen.,-1,"Zivile Universitäten sollten sich nicht für Rüstungsforschung instrumentalisieren lassen. Das Ungelichgewicht zwischen Bildungs- und Rüstungsetat dadurch auszugleichen, dass man versucht sich die Forschung von der Rüstungsindustrie bezahlen zu lassen, halten wir für vollkommen falsch. Technischer und gesellschaftlicher Fortschritt müssen in einer friedlichen und gerechten Gesellschaft ohne Rüstungsindustrie möglich sein. Allerdings nutzt eine Zivilklausel nur dann etwas, wenn sie eingehalten wird und ihre Einhaltung kontrolliert wird, deshalb ist auch Transparenz und Öffentlichkeit der Forschung wichtig.",-1
,Die Universität soll finanzielle Mittel in die Einrichtung von Ruhe- und Entspannungsräumen für Studierende investieren.,"Wir sehen die Hochschule nicht nur als Ort der (Aus)Bildung, sondern möchten einen Ort schaffen, an dem man sich gerne aufhält und den man aktiv mitgestalten kann. Universitäres Leben außerhalb vom Wissenskonsum in Hörsälen muss gefördert und ermöglicht werden.
<a href=“http://www.fachwerkhouse.de/?portfolio=unileben“ target=“_blank“>fachwerkhouse.de/?portfolio=unileben</a>",1,"Universität ist Lebensraum. Bezahlbarer Wohnraum in Nähe zur Uni hingegen knapp und der Unitag manchmal ziemlich lang. Die Möglichkeit sich für ein kurzes Schläfchen mal hinzulegen würde dem Zeitmanagement, der Konzentration und dem persönlichen Wohlbefinden zuträglich sein. Das Bachelor/Master System ist anstrengend genug, der Lernstess hoch genug um sich auch mal eine Pause zu gönnen. 


",1,"Entspannungsräume sind in vielen Firmen schon Standard. Warum nicht auch an der TU? Allerdings würden wir auf Ruheräume verzichten, wenn die Regelstudienzeit uns nicht mehr so einen Stress machen würde.",1,Ruhe- und Entspannungsräume für Studierende sind Elementar und fehlen an der TU Darmstadt.,1,"In den letzten Jahren ist die Zahl der Studierenden stetig gewachsen. Nicht nur die Ausstattung mit Lehrstühlen und Lehrpersonal hinkt dieser Entwicklung erheblich hinterher, sondern besonders die Arbeitsplätze und die Möglichkeiten sich entspannt oder auch in geselliger Runde auf dem Campus aufzuhalten, sind im Verhältnis zum Bedarf schon lange nicht mehr in ausreichender Form gegeben. Die neue ULB in der Stadtmitte hat zuwenige Schließfächer, zu wenige Arbeitsplätze und das Bistro kann die Menge der Kunden zwar vielleicht noch bedienen und abfertigen, eine Atmosphäre der Entspannung und der Erholung für die Pausen beim Lernen und Arbeiten kann hier jedoch nicht geboten werden. Die Nutzergruppe der Studierenden wird, so scheint es, in den Projektplanungsphasen systematisch übersehen und kleingerechnet, so dass der Aufenthalt an der Universität sich für viele auf den Besuch der Lehrveranstaltungen beschränkt. Das müsste nicht so sein. Wir fordern daher größere Räume für Fachschaften, mehr selbstverwaltete Lernzentren, mehr Ecken und Nischen mit Sitzgelegenheiten und in Zukunft ein besseres Miteinbeziehen der Interessen einer Studierendenschaft, für die die Uni immer auch Teil ihres Lebensraums und bestenfalls auch ein Ort an dem man seine Freizeit verbringen kann und will ist. Symptomatisch für die merkwürdigen Prioritäten in den zuständigen Planungsstäben ist z.B. das Karo5. Dort wurde entschieden aufgrund der Umweltfreundlichkeit auf eine Klimaanlage bzw. eine aktive Belüftung zu verzichten - die Folge: stickige Luft im ersten Stock, in dem sonst bis zu 50 Menschen bequem arbeiten könnten. Dort wurde auch entschieden aus Design und corporative identity Gründen, grüne Sitzbänke ohne Rückenlehnen zu verbauen - die Folge: unbequeme und hässliche Sitzgelegenheiten. Ein klares Beispiel für eine Gebäudeplanung, in der der Aspekt des studentischen Nutzers so gut wie ausgeblendet wurde.",1
,Die TU Darmstadt soll jeder Hochschulgruppe nach Bedarf kostenfrei Räumlichkeiten zur Verfügung stellen.,"Hochschulgruppen sind ein integraler Bestandteil studentischen Lebens abseits des Unialltags. Damit sie angemessen arbeiten können, ist es notwendig, dass sie entsprechende Räumlichkeiten und Unterstützung erhalten. ",1,"Wir können es nur immer wieder betonen: Das Studium sollte mehr sein als nur lernen. Das Engagment von Studierenden in Hochschulgruppen sollte von der Universität bestmöglich gefördert werden. Ein entsprechendes Raumangebot und damit eine Erweiterung des Hochschulgruppenhauses sind nötig um diesem Anspruch gerecht zu werden. Wir finden es auch wichtig, dass die Gruppen ihre Räume selbst verwalten und zusammen in einem Gebäude untergebracht sind, um auch mal über den eigenen Tellerrand zu schauen. 

",1,Ehrenamtliches Engagement von Studierende sollte auf jeden Fall von der TU Darmstadt unterstützt werden.,1,Ehrenamtliche Arbeit von Studenten sollte von der Universität unterstützt werden und kostenlose Räume bereitgestellt werden.,1,"Ein eigener Raum für Hochschulgruppen bietet die Möglichkeit Material zu lagern, Treffen zu organisieren und erleichtert die Kontaktaufnahme mit interessierten Studenten, da man einen Anlaufpunkt bietet. Um der knappen Raumsituation an der TU gerecht zu werden, sollte es möglich sein, dass sich mehrere Gruppen einen Raum teilen, da eine Gruppe den Raum in der Regel nicht 7 Tage in der Woche benötigt.",1
,"Die Aufwandsentschädigungen für ehrenamtliche Referate im AStA soll abgeschafft werden. 

Gewählte und eingestelle Studierende des AStA erhalten nach der Finanzordnung der Studierendenschaft (mit Link) für ihr Engagement derzeit eine monatliche Aufwandsentschädigung.","Die Arbeit im AStA ist sehr zeitaufwändig und wäre ohne eine entsprechende Aufwandsentschädigung nicht im gleichen Maße möglich. Daher sind wir für Aufwandsentschädigungen, die sich an den sozialen Bedürfnissen der Student*innen ermessen, denn nur so ist es möglich, dass auch finanziell schwächer gestellte Studierende die Möglichkeit erhalten, sich zu engagieren. ",-1,"Du gehst ein Jahr ins Ausland und möchtest dein Semesterticket zurückerstattet bekommen? 
In der Fahrradwerkstatt hat dir jemand so nett geholfen dein Fahrradschlauch zu flicken?
Du bis internationaler Studi und dir wird mit der Abschiebung gedroht? 
Für diese und noch viel mehr Fälle sind die eingestellten Referent_innen des AStA Ansprechpartner_innen. Der gewählte AStA hat darüber hinaus noch viel mehr Aufgaben wie beispielsweise die Betreuung der Gewerbe - ein Vollzeitjob.  Sie kümmern sich um deine Fragen und vertreten die Studierenden in vielen Gesprächen mit der Universität. Das nimmt viel Zeit in Anspruch, die es nicht erlaubt neben dem Studium noch einem weiteren Nebenjob nachzugehen. 

Deshalb finden wir es gerechtfertigt, dass eine Aufwandentschädigung bezogen werden kann - sonst wäre es für Studierende ohne reiche Eltern oder Stipendien garnicht möglich, sich in dem Ausmaß zu engagieren.",-1,"Im AStA gibt es viele sehr engagierte Studierende, die sich tagtäglich darum bemühen die Situation der Studierenden zu verbessern und Missstände aufzulösen. Vielen wird erst durch die finanzielle Entschädigung ermöglicht, sich überhaupt für die Studierendenschaft zu engagieren.",-1,"Die ehrenamtliche Arbeit im AStA ist sehr zeitaufwendig, der Aufwand für die Referenten geht über das für ehrenamtliches Engagement übliche Maß weit hinaus. In Anbetracht des Einsatzes und der Verantwortung der Referenten des AStA ist die Aufwandsentschädigung gerechtfertigt.",-1,"Der Zeit- und Arbeitsaufwand für Menschen die Hochschulpolitik auf diesem Niveau machen entspricht faktisch dem eines Vollzeitjobs und ist sehr wichtig für die Interessenvertretung der Studierendenschaft. Sie sollen aber gleichzeitig noch genug Zeit haben zu studieren und nicht gezwungen sein neben Studium und AStA-Arbeit noch mit hohen Zeitaufwand einem Nebenjob nachzugehen um irgendwie leben zu können, da darunter Studium und AStA-Arbeit massiv leiden würden.",-1
,Lehramts- und Pädagogikstudiengänge an der TU Darmstadt sollen unter der Aufwendung zusätzlicher finanzieller Mittel erhalten bleiben.,"Auch wenn die TU Darmstadt Ingenieurs- und Naturwissenschaftlich geprägt ist, gehören für uns zu einer Universität auch Lehramt sowie Geistes- und Sozialwissenschaften. Statt einer Ausbildung von Fachidiot*innen möchten wir, dass die TU mündige Wissenschaftler*innen hervorbringt. Dazu gehört auch die interdisziplinäre Auseinandersetzung mit geistes- und sozialwissenschaftlichen Themen und den Konsequenzen des eigenen Handelns.
Gute Lehrer*innen tragen außerdem zum Abbau von sozialer Selektion bei. Dies ist wichtig, da die Weichen zum Studium bereits weit vor dem Abitur gestellt werden.",1,"Es gibt derzeit in vielen Lehramtsstudiengängen ein Qualitätsproblem, das behoben werden muss. An einer TU sollte ein grundsätliches Interesse am Erhalt und Bestand an qualitativ hochwertigen geisteswissenschaften Studiengängen bestehen.",1,"Die TU Darmstadt steht in der gesellschaftlichen Pflicht, wissenschaftlichen Nachwuchs auszubilden. Dabei sollten wir unseren Beitrag bereits in der Schule und nicht erst in der Universität leisten. ",1,Die Breite der Studiengänge ist ein elementarer Bestandteil einer Universität und muss daher erhalten bleiben. ,1,"Eine Universität, die ein Lehramtsstudium anbietet muss auch sicherstellen, dass dieses eine qualitativ gute Ausbildung bietet. Deshalb ist es wichtig auch die vergleichsweise kleinen Fachgebiete finanziell adäquat zu unterstützen.",1
,"Grundsätzlich sollen alle Materialen aus Lehre und Forschung der TU Darmstadt frei verfügbar sein. 

Frei bedeuted in diesem Zusammenhang, dass allen Menschen Zugang gewährt und die Nutzung nicht eingeschränkt wird.","Wir sind der Meinung, dass gesellschaftlicher Fortschritt nur mit freier Bildung und freiem Zugang zu Wissen möglich ist. Restriktive Lizensierungen oder sonstige Zugangsbeschränkungen behindern diesen Fortschritt und sorgen dafür, dass Informationen und Bildung einer kleinen Elite vorbehalten bleiben.",1,"
Die Freiheit sich zu Bilden und zu informieren ist vielleicht eine der wichtigsten Freiheiten, die wir besitzen können. Freier Zugang zu Bildung ist nicht selbstverständlich und in manchen Ländern auch heute noch nicht gegeben. Umso wichtiger ist es, dass wir dieses Recht verteidigen und wo es geht ausbauen. 

Deswegen stehen wir hinter dem Prinzip dess OpenAccess und fordern auch von der TU Darmstadt Druck auf die Fachbereiche aufzubauen Lehr und Lernmaterialien unter diesem Grundgedanken zu erstellen und zu veröffentlichen.

""Open Access meint, dass diese Literatur kostenfrei und öffentlich im  Internet zugänglich sein sollte, so dass Interessierte die Volltexte  lesen, herunterladen, kopieren, verteilen, drucken, in ihnen suchen, auf  sie verweisen und sie auch sonst auf jede denkbare legale Weise  benutzen können, ohne finanzielle, gesetzliche oder technische Barrieren  jenseits von denen, die mit dem Internet-Zugang selbst verbunden sind.  In allen Fragen des Wiederabdrucks und der Verteilung und in allen  Fragen des Copyright überhaupt sollte die einzige Einschränkung darin  bestehen, den jeweiligen Autorinnen und Autoren Kontrolle über ihre  Arbeit zu belassen und deren Recht zu sichern, dass ihre Arbeit  angemessen anerkannt und zitiert wird."" (Budapester Open Access Initiative 2002)

Unveröffentlichte   Forschungsergebniss sind natürlich von dieser Forderung ausgenommen  und  können bis zur Veröffentlichung geheim gehalten werden.",1,Natürlich. Warum denn nicht? Jeder Mensch hat ein Recht auf freien Zugang zur Bildung.,1,"Generell sollten alle Materialien aus Forschung und Lehre der TU Darmstadt, welche aus öffentlichen Mitteln finanziert wurden, auch öffentlich zugänglich gemacht werden. Als ersten Schritt für uns Studenten fordern wir deshalb schon seit längerem, dass alle Lehrmaterialien an der TU allen Studierenden frei und ohne Passwort zur Verfügung stehen müssen.",1,"Das Studium sollte neben den Lebenshaltungskosten und den Semesterbeiträgen nur möglichst geringe Kosten verursachen, damit auch finanziell schwächer aufgestellte Menschen studieren können. Wenn Kosten (z.B aus copyright Gründen) entstehen, sollten sie möglichst aus Landesmittel (z.B. QSL-Mitteln) subventioniert werden.",1
